name,join_date
"Martzia Droginovskya
Brynhildr",2025-03-06
"Deli Lir
Brynhildr",2025-03-06
"Mizfitt Nekomusume
Brynhildr",2025-03-06
"Zoe Droginovskya
Brynhildr",2025-03-06
"Ashe Kezama
Brynhildr",2025-03-06
"Fizii Lovecraft
Brynhildr",2025-03-06
"Monika Silverlight
Brynhildr",2025-03-06
"Riley Viras
Brynhildr",2025-03-06
"Shionne Silverlight
Brynhildr",2025-03-06
"Yayoi Shikibu
Brynhildr",2025-03-06
"Vanilla Fox
Brynhildr",2025-03-06
"Bopha Des
Brynhildr",2025-03-06
"Chiru Kai
Brynhildr",2025-03-06
"Eveveve N'ya
Brynhildr",2025-03-06
"Gimme Pickles
Brynhildr",2025-03-06
"Lillianna Vess
Brynhildr",2025-03-06
"Momoko Himaa
Brynhildr",2025-03-06
"Petra Nova
Brynhildr",2025-03-06
"Sin Liefdey
Brynhildr",2025-03-06
"Vae Bean
Brynhildr",2025-03-06
"Virena Tehp
Brynhildr",2025-03-06
"Yiiro Five
Brynhildr",2025-03-06
"Aewyna Ushiromiya
Brynhildr",2025-03-06
"Alana Naweh
Brynhildr",2025-03-06
"Almora Whitecrest
Brynhildr",2025-03-06
"Artimiis Talrudon
Brynhildr",2025-03-06
"Chiyo Sky
Brynhildr",2025-03-06
"Daisy Anger
Brynhildr",2025-03-06
"Gareth Mog
Brynhildr",2025-03-06
"Grevillea Gin
Brynhildr",2025-03-06
"Jigon Starlight
Brynhildr",2025-03-06
"Kari Blueberry
Brynhildr",2025-03-06
"Katryn Panacea
Brynhildr",2025-03-06
"Mua Shikibu
Brynhildr",2025-03-06
"Penelope Pandora
Brynhildr",2025-03-06
"Pitsuh Epocan
Brynhildr",2025-03-06
"Rion White
Brynhildr",2025-03-06
"Rozalie Brise
Brynhildr",2025-03-06
"Rui Remua
Brynhildr",2025-03-06
"Sapphire Luna
Brynhildr",2025-03-06
"Sky Arts
Brynhildr",2025-03-06
"Val Helvig
Brynhildr",2025-03-06
"Yuel Mog
Brynhildr",2025-03-06
"Zeppu Hoff
Brynhildr",2025-03-06
"Akane Otsuki
Brynhildr",2025-03-06
"Athaleiya Eclesiance
Brynhildr",2025-03-06
"Bryn Connell
Brynhildr",2025-03-06
"Callalily Reiseux
Brynhildr",2025-03-06
"Cedira Maya
Brynhildr",2025-03-06
"Cookey Munster
Brynhildr",2025-03-06
"Corra Bunny
Brynhildr",2025-03-06
"Eria Softear
Brynhildr",2025-03-06
"Evangeline Motley
Brynhildr",2025-03-06
"Grandpa Goichi
Brynhildr",2025-03-06
"Hiroyoshi Mura
Brynhildr",2025-03-06
"Jackie Lapinette
Brynhildr",2025-03-06
"Janice Vespasa
Brynhildr",2025-03-06
"Kaede Yuina
Brynhildr",2025-03-06
"Kara Ayanami
Brynhildr",2025-03-06
"Korrin Eldir
Brynhildr",2025-03-06
"Kraelyn Ishtan
Brynhildr",2025-03-06
"Ku'chee Ku
Brynhildr",2025-03-06
"Layla Yoka
Brynhildr",2025-03-06
"Lillianna Vex
Brynhildr",2025-03-06
"Luci Kaslana
Brynhildr",2025-03-06
"Lucine Siran
Brynhildr",2025-03-06
"Lunar Bloodrose
Brynhildr",2025-03-06
"Lyra Abbendis
Brynhildr",2025-03-06
"Mike'bane Angelfire
Brynhildr",2025-03-06
"Mint Green
Brynhildr",2025-03-06
"Mira Veitasch
Brynhildr",2025-03-06
"Myth Reaver
Brynhildr",2025-03-06
"Neme Nems
Brynhildr",2025-03-06
"Nethcyra Mierqid
Brynhildr",2025-03-06
"Nikki Roundbottom
Brynhildr",2025-03-06
"Nyatasha Grinzult
Brynhildr",2025-03-06
"Peaches Mitzuki
Brynhildr",2025-03-06
"Prism Crystahla
Brynhildr",2025-03-06
"R'atoh Van
Brynhildr",2025-03-06
"Rosemary Mollari
Brynhildr",2025-03-06
"Saint Neko
Brynhildr",2025-03-06
"Selene Ceadeur
Brynhildr",2025-03-06
"Senna Chains
Brynhildr",2025-03-06
"Shara Hyskaris
Brynhildr",2025-03-06
"Shrubberina Nanaala
Brynhildr",2025-03-06
"Soft Bunny
Brynhildr",2025-03-06
"Zephyr Storm
Brynhildr",2025-03-06
"Zero- Two
Brynhildr",2025-03-06
